paired	for_seq	rev_seq	drugs	percentage
Rv0678_v2	True	ATGAGCAGCGGTATCCA	GTGGTGCGAACAACAAGA	BDQ|CFZ	0.1
rpoB	True	TCGATGTCGTTGTCGTTCTC	GCTCCAGGAAGGGAATCATC	RIF	0.3
inhA	True	TCTGGTTAGCGGAATCATCAC	AACGACAGCAGCAGGAC	INH	0.1
ahpc_v2	True	GGAATGTCGCAACCAAATG	GTGATTGAGCTCAGGTTCAG	INH	0.1
embB	True	TGAAACTGCTGGCGATCAT	GGCGTGAACATCAGGAAGAA	EMB	0.1
gyrA	True	TTGACATCGAGCAGGAGATG	CTGGTCCTCAATGTTGGAAATG	LFX|MFX	0.1
gyrB	True	AGCCGCACCTTTCACTATC	ACATCCAGGAACCGAACATC	LFX|MFX	0.1
eis_v2	True	ACGATTCACGGTCTCCA	GATGATCGACCGGGTTTG	AMK	0.1
fabG1_v2	True	GTTACGCTCGTGGACATAC	TGCGTCCTTGTGTTGTG	INH	0.2
pncA_v2	True	CGATGAAGGTGTCGTAGAAG	GGATTTGTCGCTCACTACAT	PZA	0.3
rplC_v2	True	AGAACGTGTATTGCGTCATC	GTCTTCGTCGAGTGGGTA	LZD	0.1
rpsL_v2	True	GATGAGACGAATCGAGTTTGAG	GGGTTTGACATTGTCGAGAG	STR	0.1
rrl	True	AAATCCGTCGCTCACTAATCC	GTTAGCACCAGTTCCCTACAC	LZD	0.1
embA_v2	True	CAAAGACGACTGGTTTAGGG	ATATCGGGTCAGCCAGTC	EMB	0.1
tlyA	True	GCGGAGAAGGGTTGAGT	GCAGAACACTGCGATGAG	CAP	0.2
fgd1	True	GGCATAGGAGTAGAAAGAACTG	TTACCCGTCTGCGATTCT	CFZ	0.3
fbiA_v2	True	AGGTACTGTCCTGCGATG	CACCACCTTGCTGGTAAC	DLM|PMD	0.3
fbiB_v2	True	CGAGCAAAGAGACCGATTG	TCGGGAGGTTGATGGTT	DLM|PMD	0.1
fbiC_1	True	CGCTACTGTTGCGCTTAT	CATTCGTCGCCAGACAC	DLM|PMD	0.5
fbiC_2	True	CGCAACCCAAATACGTACA	GGCTCCTGCAACAACTATTA	DLM|PMD	0.3
ddn_v2	True	CCATCATCGAGCGGATTT	TCTCACCCTTGGTGGTAT	DLM|PMD	0.3
atpE_v2	True	TTTCGTGTTCGTCTGCTAC	GCGTCCTCGATGACTTTAC	BDQ	0.2
gid	True	GCTGGAATGGTTCGATAGTTG	CGTCTGCGATCTTCGGA	STR	0.2
pepQ	True	GTTCTTGAAGTCAGCAGTGG	CGTAGCGAGTACCGTCAA	BDQ|CFZ	0.1
fbiD	True	GCCATCCACACACACTAATC	TCTGTGACGGGACTGTTT	DLM	0.1
ethA_1	True	CGTCTGACTATGGCCTAAAC	CCTCGACTACGACGCTAA	ETO	0.1
ethA_2	True	GAGTAGCCCTCGTCGTAG	CTTCCTTGGATGGGAAATAGAA	ETO	0.1
rrs_v2	True	CTAAATACCTTTGGCTCCCTT	GCCCACTACAGACAAGAAC	STR	0.1
katG_1	True	CTCTTAAGGCTGGCAATCTC	GTGATCACAGCCCGATAAC	INH	0.4
katG_2	True	GACTGTCTCACAGCTAGTTTC	CATGAGCATTATCCCGTACAC	INH	0.3
Dra_Drb	True	GGTTTTGGGTCTGACGAC	CGAGAGGGGACGGAAAC	NA	0.1
hsp65	True	ACCAACGATGGTGTGTCCAT	AGTCGCTGTTCTCGATCT	NA	0.1
