id	paired	for_seq	rev_seq
0154	T	TGGACTTGCAGCAATGGACCAAC	TACTCGGACGCCGGCTCAAAAT
0424	T	CTTGGCCGGCATCAAGCGCATTATT	GGCAGCAGAGCCCGGGATTCTTC
0577	T	CGAGAGTGGCAGTGGCGGTTATCT	AATGACTTGAACGCGCAAATTGTGA
0580	T	GCGCGAGAGCCCGAACTGC	GCGCAGCAGAAACGCCAGC
0802	T	GGGTTGCTGGATGACAACGTGT	GGGTGATCTCGGCGAAATCAGATA
0960	T	GTTCTTGACCAACTGCAGTCGTCC	GCCACCTTGGTGATCAGCTACCT
1644	T	TCGGTGATCGGGTCCAGTCCAAGTA	CCCGTCGTGCAGCCCTGGTAC
1955	T	AGATCCCAGTTGTCGTCGTC	CAACATCGCCTGGTTCTGTA
2059	T	TCGGAGAGATGCCCTTCGAGTTAG	GGAGACCGCGACCAGGTACTTGTA
2163b	T	CGTAAGGGGGATGCGGGAAATAGG	CGAAGTGAATGGTGGCAT
2165	T	ATAAGAAGGTGATGGGACCGATTT	AAATCGCGGGCACCCCAGGCTTCG
2347	T	GCCAGCCGCCGTGCATAAACCT	AGCCACCCGGTGTGCCTTGTATGAC
2401	T	CTTGAAGCCCCGGTCTCATCTGT	ACTTGAACCCCCACGCCCATTAGTA
2461	T	ATGGCCACCCGATACCGCTTCAGT	CGACGGGCCATCTTGGATCAGCTAC
2531	T	CTGTCGATGGCCGCAACAAAACG	AGCTCAACGGGTTCGCCCTTTTGTC
2687	T	CGACCAAGATGTGCAGGAATACAT	GGGCGAGTTGAGCTCACAGAA
2996	T	TAGGTCTACCGTCGAAATCTGTGAC	CATAGGCGACCAGGCGAATAG
3007	T	TCGAAAGCCTCTGCGTGCCAGTAA	GCGATGTGAGCGTGCCACTCAA
3171	T	GGTGCGCACCTGCTCCAGATAA	GGCTCTCATTGCTGGAGGGTTGTAC
3192	T	ACTGATTGGCTTCATACGGCTTTA	GTGCCGACGTGGTCTTGAT
3690	T	CGGTGGAGGCGATGAACGTCTTC	TAGAGCGGCACGGGGGAAAGCTTAG
4052	T	ATCCGACAGCTGAGCGTT	ATCGGGAAGGACCTGGCCGGCACGGCCG
4156	T	TGACCACGGATTGCTCTAGT	GCCGGCGTCCATGTT
4348	T	CGCATCGACAAACTGGAGCCAAAC	CGGAAACGTCTACGCCCCACACAT
