id	paired	forward	reverse
0154 TRUE TGGACTTGCAGCAATGGACCAAC TACTCGGACGCCGGCTCAAAAT
0424 TRUE CTTGGCCGGCATCAAGCGCATTATT GGCAGCAGAGCCCGGGATTCTTC
0577 TRUE CGAGAGTGGCAGTGGCGGTTATCT AATGACTTGAACGCGCAAATTGTGA
0580 TRUE GCGCGAGAGCCCGAACTGC GCGCAGCAGAAACGCCAGC
0802 TRUE GGGTTGCTGGATGACAACGTGT GGGTGATCTCGGCGAAATCAGATA
0960 TRUE GTTCTTGACCAACTGCAGTCGTCC GCCACCTTGGTGATCAGCTACCT
1644 TRUE TCGGTGATCGGGTCCAGTCCAAGTA CCCGTCGTGCAGCCCTGGTAC
1955 TRUE AGATCCCAGTTGTCGTCGTC CAACATCGCCTGGTTCTGTA
2059 TRUE TCGGAGAGATGCCCTTCGAGTTAG GGAGACCGCGACCAGGTACTTGTA
2163b TRUE CGTAAGGGGGATGCGGGAAATAGG CGAAGTGAATGGTGGCAT
2165 TRUE ATAAGAAGGTGATGGGACCGATTT AAATCGCGGGCACCCCAGGCTTCG
2347 TRUE GCCAGCCGCCGTGCATAAACCT AGCCACCCGGTGTGCCTTGTATGAC
2401 TRUE CTTGAAGCCCCGGTCTCATCTGT ACTTGAACCCCCACGCCCATTAGTA
2461 TRUE ATGGCCACCCGATACCGCTTCAGT CGACGGGCCATCTTGGATCAGCTAC
2531 TRUE CTGTCGATGGCCGCAACAAAACG AGCTCAACGGGTTCGCCCTTTTGTC
2687 TRUE CGACCAAGATGTGCAGGAATACAT GGGCGAGTTGAGCTCACAGAA
2996 TRUE TAGGTCTACCGTCGAAATCTGTGAC CATAGGCGACCAGGCGAATAG
3007 TRUE TCGAAAGCCTCTGCGTGCCAGTAA GCGATGTGAGCGTGCCACTCAA
3171 TRUE GGTGCGCACCTGCTCCAGATAA GGCTCTCATTGCTGGAGGGTTGTAC
3192 TRUE ACTGATTGGCTTCATACGGCTTTA GTGCCGACGTGGTCTTGAT
3690 TRUE CGGTGGAGGCGATGAACGTCTTC TAGAGCGGCACGGGGGAAAGCTTAG
4052 TRUE ATCCGACAGCTGAGCGTT ATCGGGAAGGACCTGGCCGGCACGGCCG
4156 TRUE TGACCACGGATTGCTCTAGT GCCGGCGTCCATGTT
4348 TRUE CGCATCGACAAACTGGAGCCAAAC CGGAAACGTCTACGCCCCACACAT
